Rock Lee,Rock,Lee,rlee,rlee@foo.local,IT,1qaz!QAZ
Ino Yamanaka,Ino,Yamanaka,Ijamanaka,ijamanaka@foo.local,IT,1qaz!QAZ
Choji Akimichi,Choji,Akimichi,camkimichi,camkimichi@foo.local,IT,1qaz!QAZ
Hinata Hyuga,Hinata,Hyuga,hhyuga,hhyuga@foo.local,IT,1qaz!QAZ
Neji Hyuga,Neji,Hyuga,nhyuga,nhyuga@foo.local,IT,1qaz!QAZ
