Zabuza Momochi, Zabuza, Momochi, ZabuzaMomochi, ZabuzaMomochi@foo.local,HR,1qaz!QAZ
Kisame Hoshigaki, Kisame, Hoshigaki, KisameHoshigaki, KisameHoshigaki@foo.local,HR,1qaz!QAZ
Suigetsu Hozuki, Suigetsu, Hozuki, SuigetsuHozuki, SuigetsuHozuki@foo.local,HR,1qaz!QAZ
Mei Terumi, Mei, Terumi, MeiTerumi, MeiTerumi@foo.local,HR,1qaz!QAZ
Mangetsu Hozuki, Mangetsu, Hozuki, MangetsuHozuki, MangetsuHozuki@foo.local,HR,1qaz!QAZ
