Gaara, Gaara, Kazekage, GaaraKazekage, GaaraKazekage@foo.local,QA,1qaz!QAZ
Temari, Temari, Sabaku, TemariSabaku, TemariSabaku@foo.local,QA,1qaz!QAZ
Kankuro, Kankuro, Sabaku, KankuroSabaku, KankuroSabaku@foo.local,QA,1qaz!QAZ
Baki, Baki, Advisor, BakiAdvisor, BakiAdvisor@foo.local,QA,1qaz!QAZ
Matsuri, Matsuri, Chunin, MatsuriChunin, MatsuriChunin@foo.local,QA,1qaz!QAZ
